{"sources":[{"prev_ver":520093696,"name":"Profile picture","uuid":"7e43956a-7fbd-4e68-be08-9edee7fb7889","id":"browser_source","versioned_id":"browser_source","settings":{"url":"https://static-cdn.jtvnw.net/jtv_user_pictures/0ab303fa-ac74-41c5-ae7c-136b446071ac-profile_image-300x300.png","width":300,"height":300},"mixers":255,"sync":0,"flags":0,"volume":1.0,"balance":0.5,"enabled":true,"muted":false,"push-to-mute":false,"push-to-mute-delay":0,"push-to-talk":false,"push-to-talk-delay":0,"hotkeys":{"libobs.mute":[],"libobs.unmute":[],"libobs.push-to-mute":[],"libobs.push-to-talk":[],"ObsBrowser.Refresh":[]},"deinterlace_mode":0,"deinterlace_field_order":0,"monitoring_type":0,"private_settings":{},"filters":[{"prev_ver":520093696,"name":"User-defined shader","uuid":"d3ec1ae8-8beb-4db5-a246-8d1792dd9e67","id":"shader_filter","versioned_id":"shader_filter","settings":{"from_file":true,"shader_file_name":"E:/Downlaods/obs-studio-31.0.0-enhanced-broadcasting-v41-windows-x64/data/obs-plugins/obs-shaderfilter/examples/circle-mask-filter.shader","override_entire_effect":false},"mixers":0,"sync":0,"flags":0,"volume":1.0,"balance":0.5,"enabled":true,"muted":false,"push-to-mute":false,"push-to-mute-delay":0,"push-to-talk":false,"push-to-talk-delay":0,"hotkeys":{},"deinterlace_mode":0,"deinterlace_field_order":0,"monitoring_type":0,"private_settings":{}}]},{"prev_ver":520093696,"name":"Raiding URL","uuid":"379fe09f-d5a9-46c7-8c68-c9c38e18a537","id":"text_gdiplus","versioned_id":"text_gdiplus_v3","settings":{"text":"twitch.tv/ritaradtastic","font":{"face":"Goudy Old Style","style":"Regular","size":256,"flags":0},"align":"center"},"mixers":0,"sync":0,"flags":0,"volume":1.0,"balance":0.5,"enabled":true,"muted":false,"push-to-mute":false,"push-to-mute-delay":0,"push-to-talk":false,"push-to-talk-delay":0,"hotkeys":{},"deinterlace_mode":0,"deinterlace_field_order":0,"monitoring_type":0,"private_settings":{}},{"prev_ver":520093696,"name":"Raiding to name","uuid":"cec38b90-4446-4cdd-b774-a654c5bede38","id":"text_gdiplus","versioned_id":"text_gdiplus_v3","settings":{"font":{"face":"Goudy Old Style","style":"Regular","size":256,"flags":0},"text":"ritaradtastic"},"mixers":0,"sync":0,"flags":0,"volume":1.0,"balance":0.5,"enabled":true,"muted":false,"push-to-mute":false,"push-to-mute-delay":0,"push-to-talk":false,"push-to-talk-delay":0,"hotkeys":{},"deinterlace_mode":0,"deinterlace_field_order":0,"monitoring_type":0,"private_settings":{}},{"prev_ver":520093696,"name":"We're raiding to:","uuid":"9cf59506-a851-4798-835f-db1047b43f7c","id":"text_gdiplus","versioned_id":"text_gdiplus_v3","settings":{"text":"We're raiding to","font":{"face":"Goudy Old Style","style":"Regular","size":256,"flags":0}},"mixers":0,"sync":0,"flags":0,"volume":1.0,"balance":0.5,"enabled":true,"muted":false,"push-to-mute":false,"push-to-mute-delay":0,"push-to-talk":false,"push-to-talk-delay":0,"hotkeys":{},"deinterlace_mode":0,"deinterlace_field_order":0,"monitoring_type":0,"private_settings":{}},{"prev_ver":520093696,"name":"Raid out","uuid":"7e520b59-4536-4559-bce0-b16090319a91","id":"group","versioned_id":"group","settings":{"id_counter":0,"custom_size":true,"cx":719,"cy":567,"items":[{"name":"Profile picture","source_uuid":"7e43956a-7fbd-4e68-be08-9edee7fb7889","visible":true,"locked":false,"rot":0.0,"scale_ref":{"x":1920.0,"y":1080.0},"align":5,"bounds_type":0,"bounds_align":0,"bounds_crop":false,"crop_left":0,"crop_top":0,"crop_right":0,"crop_bottom":0,"id":2,"group_item_backup":false,"pos":{"x":218.00006103515625,"y":0.0},"pos_rel":{"x":-1.3740739822387695,"y":-1.0},"scale":{"x":1.0033333301544189,"y":1.0033333301544189},"scale_rel":{"x":1.0033333301544189,"y":1.0033333301544189},"bounds":{"x":0.0,"y":0.0},"bounds_rel":{"x":0.0,"y":0.0},"scale_filter":"disable","blend_method":"default","blend_type":"normal","show_transition":{"duration":0},"hide_transition":{"duration":0},"private_settings":{}},{"name":"Raiding URL","source_uuid":"379fe09f-d5a9-46c7-8c68-c9c38e18a537","visible":true,"locked":false,"rot":0.0,"scale_ref":{"x":1920.0,"y":1080.0},"align":5,"bounds_type":6,"bounds_align":0,"bounds_crop":false,"crop_left":0,"crop_top":0,"crop_right":0,"crop_bottom":0,"id":5,"group_item_backup":false,"pos":{"x":0.0,"y":343.99859619140625},"pos_rel":{"x":-1.7777777910232544,"y":-0.36296558380126953},"scale":{"x":0.14293006062507629,"y":0.14393939077854156},"scale_rel":{"x":0.14293006062507629,"y":0.14393939077854156},"bounds":{"x":719.0,"y":223.0},"bounds_rel":{"x":1.3314814567565918,"y":0.41296297311782837},"scale_filter":"disable","blend_method":"default","blend_type":"normal","show_transition":{"duration":0},"hide_transition":{"duration":0},"private_settings":{}},{"name":"Raiding to name","source_uuid":"cec38b90-4446-4cdd-b774-a654c5bede38","visible":true,"locked":false,"rot":0.0,"scale_ref":{"x":1920.0,"y":1080.0},"align":5,"bounds_type":6,"bounds_align":0,"bounds_crop":false,"crop_left":0,"crop_top":0,"crop_right":0,"crop_bottom":0,"id":3,"group_item_backup":false,"pos":{"x":171.99993896484375,"y":314.0},"pos_rel":{"x":-1.4592593908309937,"y":-0.4185185432434082},"scale":{"x":0.1970803439617157,"y":0.19696970283985138},"scale_rel":{"x":0.1970803439617157,"y":0.19696970283985138},"bounds":{"x":380.999755859375,"y":152.00262451171875},"bounds_rel":{"x":0.70555508136749268,"y":0.28148633241653442},"scale_filter":"disable","blend_method":"default","blend_type":"normal","show_transition":{"duration":0},"hide_transition":{"duration":0},"private_settings":{}},{"name":"We're raiding to:","source_uuid":"9cf59506-a851-4798-835f-db1047b43f7c","visible":true,"locked":false,"rot":0.0,"scale_ref":{"x":1920.0,"y":1080.0},"align":5,"bounds_type":0,"bounds_align":0,"bounds_crop":false,"crop_left":0,"crop_top":0,"crop_right":0,"crop_bottom":0,"id":4,"group_item_backup":false,"pos":{"x":219.999755859375,"y":312.99859619140625},"pos_rel":{"x":-1.3703708648681641,"y":-0.42037296295166016},"scale":{"x":0.19312499463558197,"y":0.19318181276321411},"scale_rel":{"x":0.19312499463558197,"y":0.19318181276321411},"bounds":{"x":0.0,"y":0.0},"bounds_rel":{"x":0.0,"y":0.0},"scale_filter":"disable","blend_method":"default","blend_type":"normal","show_transition":{"duration":0},"hide_transition":{"duration":0},"private_settings":{}}]},"mixers":0,"sync":0,"flags":0,"volume":1.0,"balance":0.5,"enabled":true,"muted":false,"push-to-mute":false,"push-to-mute-delay":0,"push-to-talk":false,"push-to-talk-delay":0,"hotkeys":{"libobs.show_scene_item.2":[],"libobs.hide_scene_item.2":[],"libobs.show_scene_item.5":[],"libobs.hide_scene_item.5":[],"libobs.show_scene_item.3":[],"libobs.hide_scene_item.3":[],"libobs.show_scene_item.4":[],"libobs.hide_scene_item.4":[]},"deinterlace_mode":0,"deinterlace_field_order":0,"monitoring_type":0,"private_settings":{}},{"prev_ver":520093696,"name":"NS raid out","uuid":"6bd419e9-cb83-4209-beb4-283969e1c926","id":"scene","versioned_id":"scene","settings":{"id_counter":5,"custom_size":false,"items":[{"name":"Profile picture","source_uuid":"7e43956a-7fbd-4e68-be08-9edee7fb7889","visible":true,"locked":false,"rot":0.0,"scale_ref":{"x":1920.0,"y":1080.0},"align":5,"bounds_type":0,"bounds_align":0,"bounds_crop":false,"crop_left":0,"crop_top":0,"crop_right":0,"crop_bottom":0,"id":2,"group_item_backup":true,"pos":{"x":1499.0,"y":326.00140380859375},"pos_rel":{"x":0.99814814329147339,"y":-0.39629369974136353},"scale":{"x":1.0033333301544189,"y":1.0033333301544189},"scale_rel":{"x":1.0033333301544189,"y":1.0033333301544189},"bounds":{"x":0.0,"y":0.0},"bounds_rel":{"x":0.0,"y":0.0},"scale_filter":"disable","blend_method":"default","blend_type":"normal","show_transition":{"duration":0},"hide_transition":{"duration":0},"private_settings":{}},{"name":"Raiding URL","source_uuid":"379fe09f-d5a9-46c7-8c68-c9c38e18a537","visible":true,"locked":false,"rot":0.0,"scale_ref":{"x":1920.0,"y":1080.0},"align":5,"bounds_type":6,"bounds_align":0,"bounds_crop":false,"crop_left":0,"crop_top":0,"crop_right":0,"crop_bottom":0,"id":5,"group_item_backup":true,"pos":{"x":1281.0,"y":670.0},"pos_rel":{"x":0.59444445371627808,"y":0.24074077606201172},"scale":{"x":0.14293006062507629,"y":0.14393939077854156},"scale_rel":{"x":0.14293006062507629,"y":0.14393939077854156},"bounds":{"x":719.0,"y":223.0},"bounds_rel":{"x":1.3314814567565918,"y":0.41296297311782837},"scale_filter":"disable","blend_method":"default","blend_type":"normal","show_transition":{"duration":0},"hide_transition":{"duration":0},"private_settings":{}},{"name":"Raiding to name","source_uuid":"cec38b90-4446-4cdd-b774-a654c5bede38","visible":true,"locked":false,"rot":0.0,"scale_ref":{"x":1920.0,"y":1080.0},"align":5,"bounds_type":6,"bounds_align":0,"bounds_crop":false,"crop_left":0,"crop_top":0,"crop_right":0,"crop_bottom":0,"id":3,"group_item_backup":true,"pos":{"x":1453.0,"y":640.00140380859375},"pos_rel":{"x":0.91296297311782837,"y":0.18518781661987305},"scale":{"x":0.1970803439617157,"y":0.19696970283985138},"scale_rel":{"x":0.1970803439617157,"y":0.19696970283985138},"bounds":{"x":380.999755859375,"y":152.00262451171875},"bounds_rel":{"x":0.70555508136749268,"y":0.28148633241653442},"scale_filter":"disable","blend_method":"default","blend_type":"normal","show_transition":{"duration":0},"hide_transition":{"duration":0},"private_settings":{}},{"name":"We're raiding to:","source_uuid":"9cf59506-a851-4798-835f-db1047b43f7c","visible":true,"locked":false,"rot":0.0,"scale_ref":{"x":1920.0,"y":1080.0},"align":5,"bounds_type":0,"bounds_align":0,"bounds_crop":false,"crop_left":0,"crop_top":0,"crop_right":0,"crop_bottom":0,"id":4,"group_item_backup":true,"pos":{"x":1500.999755859375,"y":639.0},"pos_rel":{"x":1.0018514394760132,"y":0.18333327770233154},"scale":{"x":0.19312499463558197,"y":0.19318181276321411},"scale_rel":{"x":0.19312499463558197,"y":0.19318181276321411},"bounds":{"x":0.0,"y":0.0},"bounds_rel":{"x":0.0,"y":0.0},"scale_filter":"disable","blend_method":"default","blend_type":"normal","show_transition":{"duration":0},"hide_transition":{"duration":0},"private_settings":{}},{"name":"Raid out","source_uuid":"7e520b59-4536-4559-bce0-b16090319a91","visible":false,"locked":true,"rot":0.0,"scale_ref":{"x":1920.0,"y":1080.0},"align":5,"bounds_type":0,"bounds_align":0,"bounds_crop":false,"crop_left":0,"crop_top":0,"crop_right":0,"crop_bottom":0,"id":1,"group_item_backup":false,"pos":{"x":1281.0,"y":326.00140380859375},"pos_rel":{"x":0.59444445371627808,"y":-0.39629369974136353},"scale":{"x":1.0,"y":1.0},"scale_rel":{"x":1.0,"y":1.0},"bounds":{"x":0.0,"y":0.0},"bounds_rel":{"x":0.0,"y":0.0},"scale_filter":"disable","blend_method":"default","blend_type":"normal","show_transition":{"id":"slide_transition","versioned_id":"slide_transition","name":"Raid out Show Transition","transition":{"direction":"left"},"duration":1000},"hide_transition":{"duration":0},"private_settings":{}}]},"mixers":0,"sync":0,"flags":0,"volume":1.0,"balance":0.5,"enabled":true,"muted":false,"push-to-mute":false,"push-to-mute-delay":0,"push-to-talk":false,"push-to-talk-delay":0,"hotkeys":{"OBSBasic.SelectScene":[],"libobs.show_scene_item.1":[],"libobs.hide_scene_item.1":[]},"deinterlace_mode":0,"deinterlace_field_order":0,"monitoring_type":0,"private_settings":{}}]}