{"sources":[{"prev_ver":520093696,"name":"Last playing","uuid":"97eda821-7ce7-46b7-8162-2f9366d2a0e5","id":"text_gdiplus","versioned_id":"text_gdiplus_v3","settings":{"font":{"face":"Goudy Old Style","style":"Regular","size":256,"flags":0},"text":"Last playing: Software and Game Development"},"mixers":0,"sync":0,"flags":0,"volume":1.0,"balance":0.5,"enabled":true,"muted":false,"push-to-mute":false,"push-to-mute-delay":0,"push-to-talk":false,"push-to-talk-delay":0,"hotkeys":{},"deinterlace_mode":0,"deinterlace_field_order":0,"monitoring_type":0,"private_settings":{}},{"prev_ver":520093696,"name":"Shoutout Name","uuid":"66c9ba66-f8be-4d6f-b5d6-b66b7612f380","id":"text_gdiplus","versioned_id":"text_gdiplus_v3","settings":{"text":"andilippi","font":{"face":"Goudy Old Style","style":"Regular","size":256,"flags":0}},"mixers":0,"sync":0,"flags":0,"volume":1.0,"balance":0.5,"enabled":true,"muted":false,"push-to-mute":false,"push-to-mute-delay":0,"push-to-talk":false,"push-to-talk-delay":0,"hotkeys":{},"deinterlace_mode":0,"deinterlace_field_order":0,"monitoring_type":0,"private_settings":{}},{"prev_ver":520093696,"name":"Profile picture","uuid":"7e43956a-7fbd-4e68-be08-9edee7fb7889","id":"browser_source","versioned_id":"browser_source","settings":{"url":"https://static-cdn.jtvnw.net/jtv_user_pictures/0ab303fa-ac74-41c5-ae7c-136b446071ac-profile_image-300x300.png","width":300,"height":300},"mixers":255,"sync":0,"flags":0,"volume":1.0,"balance":0.5,"enabled":true,"muted":false,"push-to-mute":false,"push-to-mute-delay":0,"push-to-talk":false,"push-to-talk-delay":0,"hotkeys":{"libobs.mute":[],"libobs.unmute":[],"libobs.push-to-mute":[],"libobs.push-to-talk":[],"ObsBrowser.Refresh":[]},"deinterlace_mode":0,"deinterlace_field_order":0,"monitoring_type":0,"private_settings":{},"filters":[{"prev_ver":520093696,"name":"User-defined shader","uuid":"d3ec1ae8-8beb-4db5-a246-8d1792dd9e67","id":"shader_filter","versioned_id":"shader_filter","settings":{"from_file":true,"shader_file_name":"E:/Downlaods/obs-studio-31.0.0-enhanced-broadcasting-v41-windows-x64/data/obs-plugins/obs-shaderfilter/examples/circle-mask-filter.shader","override_entire_effect":false},"mixers":0,"sync":0,"flags":0,"volume":1.0,"balance":0.5,"enabled":true,"muted":false,"push-to-mute":false,"push-to-mute-delay":0,"push-to-talk":false,"push-to-talk-delay":0,"hotkeys":{},"deinterlace_mode":0,"deinterlace_field_order":0,"monitoring_type":0,"private_settings":{}}]},{"prev_ver":520093696,"name":"Shoutouts","uuid":"0f408605-1039-41b7-b580-ccbea15fdae8","id":"group","versioned_id":"group","settings":{"id_counter":0,"custom_size":true,"cx":454,"cy":323,"items":[{"name":"Last playing","source_uuid":"97eda821-7ce7-46b7-8162-2f9366d2a0e5","visible":true,"locked":false,"rot":0.0,"scale_ref":{"x":1920.0,"y":1080.0},"align":5,"bounds_type":4,"bounds_align":0,"bounds_crop":false,"crop_left":0,"crop_top":0,"crop_right":0,"crop_bottom":0,"id":3,"group_item_backup":false,"pos":{"x":0.0,"y":277.50003051757812},"pos_rel":{"x":-1.7777777910232544,"y":-0.48611107468605042},"scale":{"x":0.20697413384914398,"y":0.2083333283662796},"scale_rel":{"x":0.20697413384914398,"y":0.2083333283662796},"bounds":{"x":454.0,"y":44.5},"bounds_rel":{"x":0.84074074029922485,"y":0.082407407462596893},"scale_filter":"disable","blend_method":"default","blend_type":"normal","show_transition":{"duration":0},"hide_transition":{"duration":0},"private_settings":{}},{"name":"Shoutout Name","source_uuid":"66c9ba66-f8be-4d6f-b5d6-b66b7612f380","visible":true,"locked":false,"rot":0.0,"scale_ref":{"x":1920.0,"y":1080.0},"align":0,"bounds_type":4,"bounds_align":0,"bounds_crop":false,"crop_left":0,"crop_top":0,"crop_right":0,"crop_bottom":0,"id":2,"group_item_backup":false,"pos":{"x":220.0,"y":244.49996948242188},"pos_rel":{"x":-1.3703703880310059,"y":-0.54722225666046143},"scale":{"x":0.21184371411800385,"y":0.21212121844291687},"scale_rel":{"x":0.21184371411800385,"y":0.21212121844291687},"bounds":{"x":223.0,"y":120.0},"bounds_rel":{"x":0.41296297311782837,"y":0.2222222238779068},"scale_filter":"disable","blend_method":"default","blend_type":"normal","show_transition":{"duration":0},"hide_transition":{"duration":0},"private_settings":{}},{"name":"Profile picture","source_uuid":"7e43956a-7fbd-4e68-be08-9edee7fb7889","visible":true,"locked":false,"rot":0.0,"scale_ref":{"x":1920.0,"y":1080.0},"align":5,"bounds_type":0,"bounds_align":0,"bounds_crop":false,"crop_left":0,"crop_top":0,"crop_right":0,"crop_bottom":0,"id":1,"group_item_backup":false,"pos":{"x":117.0,"y":0.0},"pos_rel":{"x":-1.5611110925674438,"y":-1.0},"scale":{"x":0.7225000262260437,"y":0.7225000262260437},"scale_rel":{"x":0.7225000262260437,"y":0.7225000262260437},"bounds":{"x":0.0,"y":0.0},"bounds_rel":{"x":0.0,"y":0.0},"scale_filter":"disable","blend_method":"default","blend_type":"normal","show_transition":{"duration":0},"hide_transition":{"duration":0},"private_settings":{}}]},"mixers":0,"sync":0,"flags":0,"volume":1.0,"balance":0.5,"enabled":true,"muted":false,"push-to-mute":false,"push-to-mute-delay":0,"push-to-talk":false,"push-to-talk-delay":0,"hotkeys":{"libobs.show_scene_item.3":[],"libobs.hide_scene_item.3":[],"libobs.show_scene_item.2":[],"libobs.hide_scene_item.2":[],"libobs.show_scene_item.1":[],"libobs.hide_scene_item.1":[]},"deinterlace_mode":0,"deinterlace_field_order":0,"monitoring_type":0,"private_settings":{}},{"prev_ver":520093696,"name":"NS Shoutout","uuid":"bec17db0-3525-4471-9b0f-24fad893a492","id":"scene","versioned_id":"scene","settings":{"id_counter":4,"custom_size":false,"items":[{"name":"Last playing","source_uuid":"97eda821-7ce7-46b7-8162-2f9366d2a0e5","visible":true,"locked":false,"rot":0.0,"scale_ref":{"x":1920.0,"y":1080.0},"align":5,"bounds_type":4,"bounds_align":0,"bounds_crop":false,"crop_left":0,"crop_top":0,"crop_right":0,"crop_bottom":0,"id":3,"group_item_backup":true,"pos":{"x":1429.0,"y":825.5},"pos_rel":{"x":0.86851853132247925,"y":0.52870368957519531},"scale":{"x":0.20697413384914398,"y":0.2083333283662796},"scale_rel":{"x":0.20697413384914398,"y":0.2083333283662796},"bounds":{"x":454.0,"y":44.5},"bounds_rel":{"x":0.84074074029922485,"y":0.082407407462596893},"scale_filter":"disable","blend_method":"default","blend_type":"normal","show_transition":{"duration":0},"hide_transition":{"duration":0},"private_settings":{}},{"name":"Shoutout Name","source_uuid":"66c9ba66-f8be-4d6f-b5d6-b66b7612f380","visible":true,"locked":false,"rot":0.0,"scale_ref":{"x":1920.0,"y":1080.0},"align":0,"bounds_type":4,"bounds_align":0,"bounds_crop":false,"crop_left":0,"crop_top":0,"crop_right":0,"crop_bottom":0,"id":2,"group_item_backup":true,"pos":{"x":1649.0,"y":792.5},"pos_rel":{"x":1.275925874710083,"y":0.46759259700775146},"scale":{"x":0.21184371411800385,"y":0.21212121844291687},"scale_rel":{"x":0.21184371411800385,"y":0.21212121844291687},"bounds":{"x":223.0,"y":120.0},"bounds_rel":{"x":0.41296297311782837,"y":0.2222222238779068},"scale_filter":"disable","blend_method":"default","blend_type":"normal","show_transition":{"duration":0},"hide_transition":{"duration":0},"private_settings":{}},{"name":"Profile picture","source_uuid":"7e43956a-7fbd-4e68-be08-9edee7fb7889","visible":true,"locked":false,"rot":0.0,"scale_ref":{"x":1920.0,"y":1080.0},"align":5,"bounds_type":0,"bounds_align":0,"bounds_crop":false,"crop_left":0,"crop_top":0,"crop_right":0,"crop_bottom":0,"id":1,"group_item_backup":true,"pos":{"x":1546.0,"y":548.0},"pos_rel":{"x":1.085185170173645,"y":0.014814853668212891},"scale":{"x":0.7225000262260437,"y":0.7225000262260437},"scale_rel":{"x":0.7225000262260437,"y":0.7225000262260437},"bounds":{"x":0.0,"y":0.0},"bounds_rel":{"x":0.0,"y":0.0},"scale_filter":"disable","blend_method":"default","blend_type":"normal","show_transition":{"duration":0},"hide_transition":{"duration":0},"private_settings":{}},{"name":"Shoutouts","source_uuid":"0f408605-1039-41b7-b580-ccbea15fdae8","visible":false,"locked":false,"rot":0.0,"scale_ref":{"x":1920.0,"y":1080.0},"align":5,"bounds_type":0,"bounds_align":0,"bounds_crop":false,"crop_left":0,"crop_top":0,"crop_right":0,"crop_bottom":0,"id":4,"group_item_backup":false,"pos":{"x":1429.0,"y":548.0},"pos_rel":{"x":0.86851853132247925,"y":0.014814853668212891},"scale":{"x":1.0,"y":1.0},"scale_rel":{"x":1.0,"y":1.0},"bounds":{"x":0.0,"y":0.0},"bounds_rel":{"x":0.0,"y":0.0},"scale_filter":"disable","blend_method":"default","blend_type":"normal","show_transition":{"id":"slide_transition","versioned_id":"slide_transition","name":"Shoutouts Show Transition","transition":{"direction":"left"},"duration":600},"hide_transition":{"id":"slide_transition","versioned_id":"slide_transition","name":"Shoutouts Hide Transition","transition":{"direction":"right"},"duration":600},"private_settings":{}}]},"mixers":0,"sync":0,"flags":0,"volume":1.0,"balance":0.5,"enabled":true,"muted":false,"push-to-mute":false,"push-to-mute-delay":0,"push-to-talk":false,"push-to-talk-delay":0,"hotkeys":{"OBSBasic.SelectScene":[],"libobs.show_scene_item.4":[],"libobs.hide_scene_item.4":[]},"deinterlace_mode":0,"deinterlace_field_order":0,"monitoring_type":0,"private_settings":{}}]}