{"sources":[{"prev_ver":520093696,"name":"userName","uuid":"cb69aa7f-928a-424f-a222-e72dd391e678","id":"text_gdiplus","versioned_id":"text_gdiplus_v3","settings":{"text":"CaliFknGirl_Debbie","font":{"face":"Goudy Old Style","style":"Regular","size":256,"flags":0}},"mixers":0,"sync":0,"flags":0,"volume":1.0,"balance":0.5,"enabled":true,"muted":false,"push-to-mute":false,"push-to-mute-delay":0,"push-to-talk":false,"push-to-talk-delay":0,"hotkeys":{},"deinterlace_mode":0,"deinterlace_field_order":0,"monitoring_type":0,"private_settings":{}},{"prev_ver":520093696,"name":"alert message","uuid":"e80d03ec-b692-4af7-927d-bdab2470737c","id":"text_gdiplus","versioned_id":"text_gdiplus_v3","settings":{"text":"just followed!!!","font":{"face":"Goudy Old Style","style":"Regular","size":256,"flags":0},"align":"center"},"mixers":0,"sync":0,"flags":0,"volume":1.0,"balance":0.5,"enabled":true,"muted":false,"push-to-mute":false,"push-to-mute-delay":0,"push-to-talk":false,"push-to-talk-delay":0,"hotkeys":{},"deinterlace_mode":0,"deinterlace_field_order":0,"monitoring_type":0,"private_settings":{}},{"prev_ver":520093696,"name":"Profile picture","uuid":"7e43956a-7fbd-4e68-be08-9edee7fb7889","id":"browser_source","versioned_id":"browser_source","settings":{"url":"https://static-cdn.jtvnw.net/jtv_user_pictures/0ab303fa-ac74-41c5-ae7c-136b446071ac-profile_image-300x300.png","width":300,"height":300},"mixers":255,"sync":0,"flags":0,"volume":1.0,"balance":0.5,"enabled":true,"muted":false,"push-to-mute":false,"push-to-mute-delay":0,"push-to-talk":false,"push-to-talk-delay":0,"hotkeys":{"libobs.mute":[],"libobs.unmute":[],"libobs.push-to-mute":[],"libobs.push-to-talk":[],"ObsBrowser.Refresh":[]},"deinterlace_mode":0,"deinterlace_field_order":0,"monitoring_type":0,"private_settings":{},"filters":[{"prev_ver":520093696,"name":"User-defined shader","uuid":"d3ec1ae8-8beb-4db5-a246-8d1792dd9e67","id":"shader_filter","versioned_id":"shader_filter","settings":{"from_file":true,"shader_file_name":"E:/Downlaods/obs-studio-31.0.0-enhanced-broadcasting-v41-windows-x64/data/obs-plugins/obs-shaderfilter/examples/circle-mask-filter.shader","override_entire_effect":false},"mixers":0,"sync":0,"flags":0,"volume":1.0,"balance":0.5,"enabled":true,"muted":false,"push-to-mute":false,"push-to-mute-delay":0,"push-to-talk":false,"push-to-talk-delay":0,"hotkeys":{},"deinterlace_mode":0,"deinterlace_field_order":0,"monitoring_type":0,"private_settings":{}}]},{"prev_ver":520093696,"name":"Alerts","uuid":"3af2ced0-5b1f-44e0-a5ff-ecda9b7bdb61","id":"group","versioned_id":"group","settings":{"id_counter":0,"custom_size":true,"cx":645,"cy":393,"items":[{"name":"userName","source_uuid":"cb69aa7f-928a-424f-a222-e72dd391e678","visible":true,"locked":false,"rot":0.0,"scale_ref":{"x":1920.0,"y":1080.0},"align":0,"bounds_type":6,"bounds_align":0,"bounds_crop":false,"crop_left":0,"crop_top":0,"crop_right":0,"crop_bottom":0,"id":2,"group_item_backup":false,"pos":{"x":318.999755859375,"y":268.75},"pos_rel":{"x":-1.187037467956543,"y":-0.50231480598449707},"scale":{"x":1.0,"y":1.0},"scale_rel":{"x":1.0,"y":1.0},"bounds":{"x":444.0,"y":105.0},"bounds_rel":{"x":0.82222223281860352,"y":0.1944444477558136},"scale_filter":"disable","blend_method":"default","blend_type":"normal","show_transition":{"duration":0},"hide_transition":{"duration":0},"private_settings":{}},{"name":"alert message","source_uuid":"e80d03ec-b692-4af7-927d-bdab2470737c","visible":true,"locked":false,"rot":0.0,"scale_ref":{"x":1920.0,"y":1080.0},"align":0,"bounds_type":4,"bounds_align":0,"bounds_crop":false,"crop_left":0,"crop_top":0,"crop_right":0,"crop_bottom":0,"id":4,"group_item_backup":false,"pos":{"x":322.0,"y":351.0},"pos_rel":{"x":-1.1814814805984497,"y":-0.35000002384185791},"scale":{"x":1.0,"y":1.0},"scale_rel":{"x":1.0,"y":1.0},"bounds":{"x":644.00048828125,"y":84.0},"bounds_rel":{"x":1.1925934553146362,"y":0.15555556118488312},"scale_filter":"disable","blend_method":"default","blend_type":"normal","show_transition":{"duration":0},"hide_transition":{"duration":0},"private_settings":{}},{"name":"Profile picture","source_uuid":"7e43956a-7fbd-4e68-be08-9edee7fb7889","visible":true,"locked":false,"rot":0.0,"scale_ref":{"x":1920.0,"y":1080.0},"align":5,"bounds_type":0,"bounds_align":0,"bounds_crop":false,"crop_left":0,"crop_top":0,"crop_right":0,"crop_bottom":0,"id":1,"group_item_backup":false,"pos":{"x":180.999755859375,"y":0.0},"pos_rel":{"x":-1.4425930976867676,"y":-1.0},"scale":{"x":0.7225000262260437,"y":0.7225000262260437},"scale_rel":{"x":0.7225000262260437,"y":0.7225000262260437},"bounds":{"x":0.0,"y":0.0},"bounds_rel":{"x":0.0,"y":0.0},"scale_filter":"disable","blend_method":"default","blend_type":"normal","show_transition":{"duration":0},"hide_transition":{"duration":0},"private_settings":{}}]},"mixers":0,"sync":0,"flags":0,"volume":1.0,"balance":0.5,"enabled":true,"muted":false,"push-to-mute":false,"push-to-mute-delay":0,"push-to-talk":false,"push-to-talk-delay":0,"hotkeys":{"libobs.show_scene_item.2":[],"libobs.hide_scene_item.2":[],"libobs.show_scene_item.4":[],"libobs.hide_scene_item.4":[],"libobs.show_scene_item.1":[],"libobs.hide_scene_item.1":[]},"deinterlace_mode":0,"deinterlace_field_order":0,"monitoring_type":0,"private_settings":{}},{"prev_ver":520093696,"name":"NS Stream Alerts","uuid":"85552b2d-15da-445f-bfeb-4b88998d1b27","id":"scene","versioned_id":"scene","settings":{"id_counter":5,"custom_size":false,"items":[{"name":"userName","source_uuid":"cb69aa7f-928a-424f-a222-e72dd391e678","visible":true,"locked":false,"rot":0.0,"scale_ref":{"x":1920.0,"y":1080.0},"align":0,"bounds_type":6,"bounds_align":0,"bounds_crop":false,"crop_left":0,"crop_top":0,"crop_right":0,"crop_bottom":0,"id":2,"group_item_backup":true,"pos":{"x":892.00018310546875,"y":268.75},"pos_rel":{"x":-0.12592558562755585,"y":-0.50231480598449707},"scale":{"x":1.0,"y":1.0},"scale_rel":{"x":1.0,"y":1.0},"bounds":{"x":444.0,"y":105.0},"bounds_rel":{"x":0.82222223281860352,"y":0.1944444477558136},"scale_filter":"disable","blend_method":"default","blend_type":"normal","show_transition":{"duration":0},"hide_transition":{"duration":0},"private_settings":{}},{"name":"alert message","source_uuid":"e80d03ec-b692-4af7-927d-bdab2470737c","visible":true,"locked":false,"rot":0.0,"scale_ref":{"x":1920.0,"y":1080.0},"align":0,"bounds_type":4,"bounds_align":0,"bounds_crop":false,"crop_left":0,"crop_top":0,"crop_right":0,"crop_bottom":0,"id":4,"group_item_backup":true,"pos":{"x":895.00042724609375,"y":351.0},"pos_rel":{"x":-0.12036957591772079,"y":-0.35000002384185791},"scale":{"x":1.0,"y":1.0},"scale_rel":{"x":1.0,"y":1.0},"bounds":{"x":644.00048828125,"y":84.0},"bounds_rel":{"x":1.1925934553146362,"y":0.15555556118488312},"scale_filter":"disable","blend_method":"default","blend_type":"normal","show_transition":{"duration":0},"hide_transition":{"duration":0},"private_settings":{}},{"name":"Profile picture","source_uuid":"7e43956a-7fbd-4e68-be08-9edee7fb7889","visible":true,"locked":false,"rot":0.0,"scale_ref":{"x":1920.0,"y":1080.0},"align":5,"bounds_type":0,"bounds_align":0,"bounds_crop":false,"crop_left":0,"crop_top":0,"crop_right":0,"crop_bottom":0,"id":1,"group_item_backup":true,"pos":{"x":754.00018310546875,"y":0.0},"pos_rel":{"x":-0.38148114085197449,"y":-1.0},"scale":{"x":0.7225000262260437,"y":0.7225000262260437},"scale_rel":{"x":0.7225000262260437,"y":0.7225000262260437},"bounds":{"x":0.0,"y":0.0},"bounds_rel":{"x":0.0,"y":0.0},"scale_filter":"disable","blend_method":"default","blend_type":"normal","show_transition":{"duration":0},"hide_transition":{"duration":0},"private_settings":{}},{"name":"Alerts","source_uuid":"3af2ced0-5b1f-44e0-a5ff-ecda9b7bdb61","visible":false,"locked":false,"rot":0.0,"scale_ref":{"x":1920.0,"y":1080.0},"align":5,"bounds_type":0,"bounds_align":0,"bounds_crop":false,"crop_left":0,"crop_top":0,"crop_right":0,"crop_bottom":0,"id":3,"group_item_backup":false,"pos":{"x":573.00042724609375,"y":0.0},"pos_rel":{"x":-0.71666586399078369,"y":-1.0},"scale":{"x":1.0,"y":1.0},"scale_rel":{"x":1.0,"y":1.0},"bounds":{"x":0.0,"y":0.0},"bounds_rel":{"x":0.0,"y":0.0},"scale_filter":"disable","blend_method":"default","blend_type":"normal","show_transition":{"id":"fade_transition","versioned_id":"fade_transition","name":"Alerts Show Transition","transition":{},"duration":600},"hide_transition":{"id":"fade_transition","versioned_id":"fade_transition","name":"Alerts Hide Transition","transition":{},"duration":600},"private_settings":{}}]},"mixers":0,"sync":0,"flags":0,"volume":1.0,"balance":0.5,"enabled":true,"muted":false,"push-to-mute":false,"push-to-mute-delay":0,"push-to-talk":false,"push-to-talk-delay":0,"hotkeys":{"OBSBasic.SelectScene":[],"libobs.show_scene_item.3":[],"libobs.hide_scene_item.3":[]},"deinterlace_mode":0,"deinterlace_field_order":0,"monitoring_type":0,"private_settings":{}}]}